robot,depth,nodes,mae,mse,r2
Titan,1,3,0.5678187098584824,0.4718295674915385,0.5006288496666498
Spot,1,3,0.5805222736697986,0.662202157721953,0.2986281384473099
Titan,2,7,0.42461460050690447,0.2860129057409019,0.6974253457948002
Spot,2,7,0.5059008181703487,0.5279762207231629,0.423545773061308
Titan,3,15,0.34366641311176777,0.20597766846548124,0.7820221393682785
Spot,3,15,0.4511296268046518,0.4115991483072519,0.5280140080935412
Titan,4,31,0.30267077378296786,0.1698761880766946,0.8202314812612875
Spot,4,31,0.392965577100036,0.3283555364331185,0.6065299204676028
Titan,5,63,0.26365921544807214,0.1324978333525924,0.8598450472061674
Spot,5,63,0.35532728917970674,0.29029716839581376,0.7030526457285396
Titan,6,127,0.251032794636894,0.12193048900944672,0.8710462411472504
Spot,6,127,0.34127047140734157,0.26455941081466783,0.7396412769123843
Titan,7,251,0.23940152633651676,0.11364933593451282,0.8798148877497448
Spot,7,251,0.32657296062431207,0.24637158862439382,0.7639377129269102
Titan,8,495,0.22662809842629422,0.10380910460182922,0.8902355407345117
Spot,8,479,0.3167760291479459,0.2388995236591919,0.7746457304560203
Titan,9,945,0.22283327460453106,0.10217513061294095,0.8919673042676564
Spot,9,879,0.3130630334919921,0.23805219711264566,0.7750509652702157
Titan,10,1753,0.2212601081759789,0.10134256040214203,0.8928445750980449
Spot,10,1547,0.3082435543715975,0.23391987264949168,0.7808340106022568
Titan,11,3055,0.22083187325329673,0.10283096008913511,0.891276586809923
Spot,11,2601,0.3069753610721626,0.23603479364790256,0.7795859909460904
Titan,12,5005,0.22458596123994123,0.10832012800998614,0.8854741424724486
Spot,12,4183,0.3058191969970571,0.23915334236124794,0.7763679610277161
Titan,13,7637,0.22773938019437756,0.11325565193536184,0.8802615161666175
Spot,13,6385,0.30947536043293566,0.253674969005965,0.7645924903529394
Titan,14,10937,0.2320935841396098,0.11889357575177645,0.8742962460457943
Spot,14,9113,0.31477458751829956,0.26814060624374275,0.7544755452822595
Titan,15,14783,0.23687755800227747,0.12508210343152676,0.8677528454548549
Spot,15,12291,0.3177096537480032,0.27747158419100115,0.7462817402262192
Titan,16,19081,0.23517468881153786,0.12159297766832625,0.8714444941616915
Spot,16,15797,0.32526717545427175,0.29278010202677657,0.7297079829666159
Titan,17,23383,0.24274859824157335,0.131107946931662,0.861381644890493
Spot,17,19429,0.3285583715525549,0.2975595348308351,0.7257319003890513
Titan,18,27611,0.24385622278401034,0.13183203456288806,0.860617009293271
Spot,18,23065,0.3368348964942612,0.31258019703061196,0.7139243086287238
Titan,19,31511,0.23858419689405813,0.12724200135909716,0.8654691874067675
Spot,19,26663,0.34183392510820787,0.3236457446940271,0.7065960854247914
Titan,20,35005,0.24150505175731984,0.129936989438874,0.8626166941950324
Spot,20,29925,0.34520798553153115,0.32924378604388976,0.6980606128405998
Titan,21,37935,0.24284235015026068,0.1317247417912528,0.860737620996546
Spot,21,32931,0.3506374168158755,0.34192846862292575,0.6881796990481771
Titan,22,40281,0.2499411289234556,0.13732111405740163,0.8548145987094998
Spot,22,35627,0.3492461157277083,0.3404629515149711,0.6893536121258982
Titan,23,42051,0.24825383066901402,0.13581129489386143,0.8564022019647222
Spot,23,37875,0.3532398153468788,0.3480120511163573,0.684905518291608
Titan,24,43425,0.24845037986555324,0.13571644378808267,0.8565020405077849
Spot,24,39781,0.3561144192555961,0.3532375963265355,0.680941154168449
Titan,25,44497,0.24321069143439983,0.13033163301275005,0.8622071424459883
Spot,25,41281,0.3551891476966245,0.3514250573620871,0.6822630781159135
Titan,26,45279,0.24493452796974713,0.1320182985601868,0.86042175114988
Spot,26,42499,0.3584066243628892,0.3610227617763954,0.6748628624016882
Titan,27,45819,0.24561609365190534,0.13273695717114933,0.8596635332955175
Spot,27,43481,0.35896281524755813,0.35731840179140084,0.6777187250304673
Titan,28,46157,0.24457587217912027,0.13110141280276266,0.861391346326651
Spot,28,44239,0.3579181412917554,0.35578680241000726,0.6779408500360358
Titan,29,46347,0.24934531591268655,0.13588999711604974,0.8563238012895795
Spot,29,44765,0.35800028320536503,0.3571373692987352,0.6777730195259247
Titan,30,46465,0.24548099788952288,0.13406686846284838,0.8582589071033166
Spot,30,45213,0.35865429122643233,0.357868159413961,0.6765576746568517
Titan,31,46547,0.24425650125646567,0.1314297697307745,0.8610393331868045
Spot,31,45565,0.3604725871286423,0.35856353237026295,0.6767619886245798
Titan,32,46597,0.24365266868434965,0.1321175000063778,0.8603209634722424
Spot,32,45833,0.35984595028674876,0.3577806362611012,0.6758368295569678
Titan,33,46625,0.24817207848328637,0.13482668707817885,0.8574392365442894
Spot,33,46039,0.3609145454272493,0.3621061839013275,0.6737294367775736
Titan,34,46639,0.24672114408189258,0.13267580441997162,0.8597181646406726
Spot,34,46209,0.3620094518985135,0.3666168223426732,0.6698651031018782
Titan,35,46651,0.24301619009422584,0.13031451882168835,0.8622170555052062
Spot,35,46343,0.35794118039597583,0.35420783219430096,0.6785500513877025
Titan,36,46663,0.2434043884838762,0.13084254185199248,0.8616627260339147
Spot,36,46431,0.3582206372294842,0.3552239802311918,0.6784579356533236
Titan,37,46667,0.248992472805318,0.1363722618437329,0.8558112004514136
Spot,37,46495,0.35857339885162137,0.3561610397495764,0.6780716586506688
Titan,38,46669,0.24786297060464213,0.13416901812740306,0.8581358372380911
Spot,38,46541,0.3589908814251444,0.3566886682734011,0.6780203955782723
Titan,38,46669,0.24786297060464213,0.13416901812740306,0.8581358372380911
Spot,39,46569,0.36127384793175543,0.3641839823094806,0.6730373431086213
Titan,38,46669,0.24786297060464213,0.13416901812740306,0.8581358372380911
Spot,40,46589,0.3597298376548359,0.35942604182441884,0.6745524467228831
Titan,38,46669,0.24786297060464213,0.13416901812740306,0.8581358372380911
Spot,41,46605,0.3572298509436241,0.35237791854216344,0.6793789820701094
Titan,38,46669,0.24786297060464213,0.13416901812740306,0.8581358372380911
Spot,42,46625,0.359654418463353,0.3590479114464418,0.6744615391010217
Titan,38,46669,0.24786297060464213,0.13416901812740306,0.8581358372380911
Spot,43,46639,0.3607139636159054,0.36091537808541635,0.6742066943554651
Titan,38,46669,0.24786297060464213,0.13416901812740306,0.8581358372380911
Spot,44,46651,0.3609203675224965,0.3612132355915796,0.6729835352680444
Titan,38,46669,0.24786297060464213,0.13416901812740306,0.8581358372380911
Spot,45,46663,0.35887547328883374,0.3569249046068852,0.6774410981502251
Titan,38,46669,0.24786297060464213,0.13416901812740306,0.8581358372380911
Spot,46,46667,0.35997447839076435,0.35851592030572244,0.6759443152461827
Titan,38,46669,0.24786297060464213,0.13416901812740306,0.8581358372380911
Spot,47,46669,0.3593901707239617,0.35821859404530115,0.676033537563708
Titan,38,46669,0.24786297060464213,0.13416901812740306,0.8581358372380911
Spot,47,46669,0.3593901707239617,0.35821859404530115,0.676033537563708
Titan,38,46669,0.24786297060464213,0.13416901812740306,0.8581358372380911
Spot,47,46669,0.3593901707239617,0.35821859404530115,0.676033537563708
